TOYOTA;04446-60130;GASKET KIT POWER;14,60;1,000
TOYOTA;48511-14150;Амортизато пер.;66,70;2,000
TOYOTA;48510-80460;Амортизатор Auris/Corolla 07--(Пакет плохая дорога);120,00;1,000
TOYOTA;48540-39625;Амортизатор зад лев CAM30;146,10;1,000
TOYOTA;48530-80166;Амортизатор зад прав CAM30;136,00;1,000
TOYOTA;48540-09760;Амортизатор задний CAM40 3.5 NAP;149,80;1,000
TOYOTA;48530-80288;Амортизатор задний IS;203,70;2,000
TOYOTA;48530-69535;Амортизатор задний LC-150;328,40;1,000
TOYOTA;48531-49285;Амортизатор задний RAV-4 03---;31,80;1,000
TOYOTA;48530-49335;Амортизатор задний RX-300 --07;149,90;1,000
TOYOTA;48540-49225;Амортизатор задний RX-300 --07;149,90;1,000
TOYOTA;48530-49865;Амортизатор задний RX-300 07--;141,70;1,000
TOYOTA;48540-39495;Амортизатор задний левый CAM-30 03---;146,10;1,000
TOYOTA;48530-80112;Амортизатор задний правый CAM-30 03--;138,00;1,000
TOYOTA;48520-09N61;Амортизатор пер лев Avensis 09--;121,00;1,000
TOYOTA;48520-80200;Амортизатор пер левый Corolla 07--;119,90;1,000
TOYOTA;48510-80457;Амортизатор пер правый Corolla 07--;122,00;1,000
TOYOTA;48510-09V61;Амортизатор пер. Avensis 09--;121,00;1,000
TOYOTA;48510-80397;Амортизатор передний FJ USA;135,30;1,000
TOYOTA;48510-60260;Амортизатор передний LC-150;220,70;1,000
TOYOTA;48520-49775;Амортизатор передний RAV-4 01-03 г;143,10;1,000
TOYOTA;48520-80074;Амортизатор передний RAV-4 05--;140,00;1,000
TOYOTA;48520-80195;Амортизатор передний левый RAV 08--;139,20;1,000
TOYOTA;52159-6A914;Бампер задний ;149,30;1,000
TOYOTA;85315-42230;Бачок омывателя RAV4 05--;42,20;1,000
TOYOTA;90119-08182;болт;0,80;4,000
TOYOTA;90105-10321;Болт;0,70;4,000
TOYOTA;90105-06298;Болт;0,40;2,000
TOYOTA;91631-J0612;Болт;0,40;2,000
TOYOTA;63230-60010;Болт крепление рейлинга LC-200;2,40;4,000
TOYOTA;90119-16011;Болт с шайбой;5,50;2,000
TOYOTA;90105-16053;БОЛТ С ШЕСТИГРАННОЙ ГОЛОВКОЙ;6,00;2,000
TOYOTA;90119-06159;Винт;0,40;5,000
TOYOTA;91641-H0820;Винт;0,60;1,000
TOYOTA;90948-01087;Втулка амортизатора;2,20;1,000
TOYOTA;90385-19010;Втулка заднего амортизатора LC100;0,90;2,000
TOYOTA;48815-26020;Втулка заднего стабилизатора LC-105;4,50;2,000
TOYOTA;48815-14140-88;Втулка заднего стабилизатора LC-120 (CN);2,80;8,000
TOYOTA;48815-14140;Втулка заднего стабилизатора LC-120 (Замена);5,50;2,000
TOYOTA;90387-10175;Втулка задней стойки стабилизатора LC200;2,80;1,000
TOYOTA;48815-60160;Втулка переднего стаб.LC-105;4,50;2,000
TOYOTA;48815-60100;Втулка переднего стаб.LC-90;9,90;2,000
TOYOTA;48815-42020;Втулка переднего стаб.RAV-4 ---01;5,30;2,000
TOYOTA;48815-42060;Втулка переднего стабилизатора;6,00;2,000
TOYOTA;48815-33040;Втулка переднего стабилизатора CAM-20;6,50;2,000
TOYOTA;48815-42080;Втулка переднего стабилизатора RAV-4 05-;10,60;2,000
TOYOTA;48815-42070;Втулка переднего стабилизатора RAV-4 05-;9,00;2,000
TOYOTA;48815-28200;Втулка переднего стабилизатора левая Previa 06-- 3,5;8,40;1,000
TOYOTA;48815-28210;Втулка переднего стабилизатора правая Previa 06-- 3,5;8,40;1,000
TOYOTA;42423-60030;Втулка полуоси задней LC100;7,20;2,000
TOYOTA;90389-08124;Втулка рулевой колонки LC-100;1,20;2,000
TOYOTA;48725-32150;Втулка рычага задней подвески;15,60;2,000
TOYOTA;48818-12160;Втулка стабилизатора;4,30;2,000
TOYOTA;48674-40051;Втулка стабилизатора;25,40;2,000
TOYOTA;90948-01002;Втулка стабилизатора;1,40;4,000
TOYOTA;48815-60030;Втулка стабилизатора;4,00;2,000
TOYOTA;48815-05070;Втулка стабилизатора;17,20;6,000
TOYOTA;48817-52010;Втулка стабилизатора;1,70;4,000
TOYOTA;48815-60150;ВТУЛКА СТАБИЛИЗАТОРА;5,90;6,000
TOYOTA;48818-48010;Втулка стабилизатора;6,10;2,000
TOYOTA;48849-60090;Втулка стабилизатора;11,00;1,000
TOYOTA;48849-60050;Втулка стабилизатора;13,00;1,000
TOYOTA;48818-30230;Втулка стабилизатора GS;8,10;2,000
TOYOTA;48818-30160;Втулка стабилизатора GS;6,90;2,000
TOYOTA;48674-26021;Втулка стабилизатора Hi-ace;8,40;2,000
TOYOTA;48815-30571;Втулка стабилизатора IS-250/GS-300 06--;10,90;2,000
TOYOTA;48815-60121;Втулка стабилизатора LC-100 D;4,80;2,000
TOYOTA;48815-35100;Втулка стабилизатора LC-90;5,00;2,000
TOYOTA;48815-60380;Втулка стабилизатора LC150;15,30;2,000
TOYOTA;48815-50180;Втулка стабилизатора LS-430;11,00;2,000
TOYOTA;48815-50020;Втулка стабилизатора LS-430 ;;2,000
TOYOTA;48818-60010;Втулка стабилизатора зад  GX;7,00;2,000
TOYOTA;48818-21030;Втулка стабилизатора зад CAM30;4,90;2,000
TOYOTA;48815-26250;Втулка стабилизатора зад LC-100;5,80;2,000
TOYOTA;48815-26100;Втулка стабилизатора зад LC120;5,80;8,000
TOYOTA;48818-60030;Втулка стабилизатора зад LC150;7,40;2,000
TOYOTA;48815-42040;Втулка стабилизатора зад RAV-4 --05;3,80;2,000
TOYOTA;48818-48030;Втулка стабилизатора зад. RX-300 D14mm;3,20;2,000
TOYOTA;48818-48021;Втулка стабилизатора зад. RX-300 D16mm;3,10;6,000
TOYOTA;48815-28180;Втулка стабилизатора левая Previa 06-- 2,4;10,90;1,000
TOYOTA;48815-12160;Втулка стабилизатора пер Corolla --92;7,60;2,000
TOYOTA;48815-33060;Втулка стабилизатора пер RX--03;6,60;2,000
TOYOTA;48815-42100;Втулка стабилизатора пер прав RAV4 06-;10,50;1,000
TOYOTA;48815-28190;Втулка стабилизатора правая Previa 06-- 2,4;9,40;1,000
TOYOTA;48817-30020;Втулка стойки зад стабилизатора LC100;1,60;2,000
TOYOTA;48817-60020;Втулка стойки заднего стаб-активный стаб. LC-200;3,00;2,000
TOYOTA;48817-60010;Втулка стойки заднего стабилизатора LC-200;2,70;1,000
TOYOTA;48849-60110;Втулка стойки стабилизатора 5,7;9,50;2,000
TOYOTA;90560-10275;Втулка стойки стабилизатора зад LC100;1,40;2,000
TOYOTA;90385-11021-88;Втулка стойки стабилизатора зад LC100 (CN);1,10;10,000
TOYOTA;90942-01033;Гайка колесная  CAM;3,60;3,000
TOYOTA;42431-33100;Диск тормозной;74,30;2,000
TOYOTA;43512-08040;Диск тормозной Avalon;84,00;2,000
TOYOTA;43512-05110;Диск тормозной Avensis 03---;78,00;1,000
TOYOTA;43512-48011;Диск тормозной CAM-30;82,30;2,000
TOYOTA;43512-12670;Диск тормозной COR 07--;77,80;1,000
TOYOTA;43512-42040;Диск тормозной RAV 05--USA;87,20;2,000
TOYOTA;43512-0E021;Диск тормозной RX;90,70;4,000
TOYOTA;42431-0C011;Диск тормозной Tundra;104,80;2,000
TOYOTA;42431-50020;Диск тормозной задний;23,60;2,000
TOYOTA;42431-02170;Диск тормозной задний Auris;75,60;2,000
TOYOTA;42431-33030;Диск тормозной задний CAM-30;72,30;2,000
TOYOTA;42431-30280;Диск тормозной задний IS-250;72,00;2,000
TOYOTA;42431-60241;Диск тормозной задний LC-105;90,90;2,000
TOYOTA;43512-05040;Диск тормозной пер AVENSIS;75,60;2,000
TOYOTA;43512-60180;Диск тормозной пер LC200;110,90;1,000
TOYOTA;43512-0C020;Диск тормозной пер Sequoia;98,60;2,000
TOYOTA;43512-22260;Диск тормозной передний GS-300;92,10;2,000
TOYOTA;43516-22010;Диск тормозной передний GS-300;92,10;1,000
TOYOTA;43512-12710;Диск тормозной, передний;78,70;2,000
TOYOTA;43246-28020;Дифлектор подшипника;6,60;1,000
TOYOTA;52128-12902;Заглушка переднего бампера, левая;5,80;1,000
TOYOTA;90269-03049;Заклёпка;0,50;4,000
TOYOTA;45202-33080;Кардан рулевой CAM-30 EUR;100,90;1,000
TOYOTA;90467-05114;Клипса;1,50;4,000
TOYOTA;90467-05107;Клипса;0,80;3,000
TOYOTA;90467-08145;Клипса;0,80;4,000
TOYOTA;90467-06155;Клипса;0,50;4,000
TOYOTA;90189-06116;Клипса;0,80;4,000
TOYOTA;90467-07164;Клипса;0,80;4,000
TOYOTA;90467-08011;Клипса;1,00;4,000
TOYOTA;90467-10188;Клипса;0,60;4,000
TOYOTA;76924-12030;Клипса;1,10;2,000
TOYOTA;90467-08204;Клипса;0,60;4,000
TOYOTA;90467-08180;Клипса;0,90;4,000
TOYOTA;90189-05142;Клипса;0,50;4,000
TOYOTA;75867-30130;Клипса;2,40;2,000
TOYOTA;90467-08185;Клипса;0,60;4,000
TOYOTA;52715-60030;Клипса;2,20;1,000
TOYOTA;90467-09127;Клипса брызговика LC-100;1,10;4,000
TOYOTA;90467-11113;Клипса заднего бампера LC-100;0,60;1,000
TOYOTA;75397-35010;Клипса молдинга;1,50;4,000
TOYOTA;90189-06018;Клипса накладки LC-120;0,60;8,000
TOYOTA;75397-60031;Клипса накладки LC-120;0,90;1,000
TOYOTA;75883-60010;Клипса накладки LC-120;0,90;4,000
TOYOTA;51787-60070;Клипса накладки подножки;0,80;1,000
TOYOTA;90467-10162;Клипса накладки порога;0,60;1,000
TOYOTA;90467-10005-C0;Клипса подкрылка RAV-4 --05;0,90;2,000
TOYOTA;90467-09126;Клипса потолка;0,60;4,000
TOYOTA;90467-04034;Клипса уплотнителя двери проема;0,50;4,000
TOYOTA;04466-06090;Колодки дисковые CAM40;49,80;1,000
TOYOTA;04466-12150;Колодки задние Corolla 07--;36,00;1,000
TOYOTA;04466-60090;Колодки задние LC-120/GX-470;58,00;2,000
TOYOTA;04466-50120;Колодки задние LS-430;59,00;1,000
TOYOTA;04465-35290;Колодки передение GX-470/LC-120 Замена!!!;83,00;1,000
TOYOTA;04465-28520;Колодки передние;63,30;2,000
TOYOTA;04465-33130;Колодки передние CAM-20;54,20;1,000
TOYOTA;04465-33340;Колодки передние CAM-30 USA;61,20;1,000
TOYOTA;04465-30340;Колодки передние GS-300;58,00;1,000
TOYOTA;04465-22312;Колодки передние IS200/GS300;62,00;2,000
TOYOTA;04465-60270;Колодки передние LC120;59,00;2,000
TOYOTA;04465-28510;Колодки передние Previa 03--;88,00;1,000
TOYOTA;04465-48100;Колодки передние RX-300 03--;58,10;4,000
TOYOTA;04466-30210;Колодки торм задние GS-300 05--;55,00;1,000
TOYOTA;04466-YZZC5;Колодки тормозные задние Avensis RX-MCU15;23,00;1,000
TOYOTA;04466-33180;Колодки тормозные задние CAM40;52,00;1,000
TOYOTA;04466-53010;Колодки тормозные задние IS-250 06---;59,70;1,000
TOYOTA;04466-22190;Колодки тормозные задние IS250-GS300;57,50;1,000
TOYOTA;04466-60120;Колодки тормозные задние LC-200;70,00;2,000
TOYOTA;04466-60070;Колодки тормозные задние LC100;67,00;3,000
TOYOTA;04466-50130;Колодки тормозные задние LS460;72,70;1,000
TOYOTA;04466-42030;Колодки тормозные задние RAV-4 --05;35,00;1,000
TOYOTA;04466-42060;Колодки тормозные задние RAV-4 06---;51,00;2,000
TOYOTA;04466-48060;Колодки тормозные задние RX-300 03--;48,00;4,000
TOYOTA;04466-33050;Колодки тормозные задние RX300 MCU15;54,00;1,000
TOYOTA;04465-52200;Колодки тормозные передние   Yaris 06--(закрыто);74,00;2,000
TOYOTA;04465-33350;Колодки тормозные передние CAM 30 06… ES 04465-08030;57,80;1,000
TOYOTA;04465-08030;Колодки тормозные передние CAM 30 USA 0446533350;78,30;1,000
TOYOTA;04465-06100;Колодки тормозные передние CAM-40;66,10;1,000
TOYOTA;04465-33450;Колодки тормозные передние CAM-40;64,50;3,000
TOYOTA;04465-33240;Колодки тормозные передние CAM30 05--;63,00;1,000
TOYOTA;04465-53040;Колодки тормозные передние IS;69,20;1,000
TOYOTA;04465-60240;Колодки тормозные передние LC 100;64,50;3,000
TOYOTA;04465-60230;Колодки тормозные передние LC 100 ЗАМЕНА;72,00;3,000
TOYOTA;04465-50260;Колодки тормозные передние LS-460;73,00;1,000
TOYOTA;04465-28430;Колодки тормозные передние Previa RX300--03 CAM20(закрыто);38,40;2,000
TOYOTA;04465-42130;Колодки тормозные передние RAV-4 --05;66,00;1,000
TOYOTA;04465-48110;Колодки тормозные передние RX-300;61,20;4,000
TOYOTA;04465-0F010;Колодки тормозные передние Сorolla 08--;76,30;2,000
TOYOTA;90301-99099;Кольцо уплотнительное;4,10;10,000
TOYOTA;04438-06120;комплект пыльников;39,20;1,000
TOYOTA;84306-33080;Контакт ARB CAM-30/CAM-40  05--;129,50;1,000
TOYOTA;90189-06104;Крепеж;0,70;1,000
TOYOTA;90467-09166;Крепеж;0,70;2,000
TOYOTA;90467-08196;Крепеж;0,60;4,000
TOYOTA;90159-60383;Крепеж;0,50;4,000
TOYOTA;47749-58010;Крепёж бампера CAM40;0,60;2,000
TOYOTA;42305-50100;Кулак задний левый LS-460;294,00;1,000
TOYOTA;42304-50100;Кулак задний правый  LS-460;294,90;1,000
TOYOTA;08880-82650;Масло 0W-20 моторное  Lexus 1L;15,20;1,000
TOYOTA;08880-80366;Масло 0W30 TOYOTA 1Л;18,00;2,000
TOYOTA;00279-000T4;Масло трансмиссионное T4 (0.946л);7,20;13,000
TOYOTA;45046-69135;Наконечник  LC-105;26,70;1,000
TOYOTA;45046-49095;Наконечник RAV-4 01--;26,90;1,000
TOYOTA;45047-69115;Наконечник левый LC100 02--;31,90;1,000
TOYOTA;45047-49025;Наконечник левый RAV-4 01--;23,60;1,000
TOYOTA;45046-59026;Наконечник правый YARIS --05;29,20;1,000
TOYOTA;45460-49055;Наконечник рул правый RX09--;39,20;1,000
TOYOTA;45460-39635;Наконечник тяги рул прав CAM30 2003--45460-09050;43,50;1,000
TOYOTA;45460-29435;Наконечник тяги рул прав- лев RX;32,00;1,000
TOYOTA;47715-22010;Направляющая заднего суппорта LC-120;6,00;1,000
TOYOTA;47715-32020;Направляющая суппорта;5,70;2,000
TOYOTA;47715-22130;Направляющая суппорта ;5,00;1,000
TOYOTA;47715-22070;Направляющая суппорта №1 CAM-30 04--;3,90;1,000
TOYOTA;47715-33050;Направляющая суппорта №2 CAM-30 04--;9,80;2,000
TOYOTA;47715-42080;Напровляющая супорта пер;5,10;2,000
TOYOTA;16620-31040;Натяжитель 3,5 2GRFE;135,00;1,000
TOYOTA;16620-0W130;Натяжитель ременя генератора LS-460;135,70;1,000
TOYOTA;16620-0W035;Натяжитель ремня LS400;130,00;1,000
TOYOTA;13540-20021;Натяжитель ремня ГРМ RX-300 --03;31,40;1,000
TOYOTA;16620-0H020;Натяжитель ремня СAM-40 2.4/RAV-4;158,00;1,000
TOYOTA;13540-67020;Натяжитель ролика ГРМ LC120 TD;30,30;1,000
TOYOTA;48609-33150;Опора амортизатора;49,50;2,000
TOYOTA;48609-42012;Опора амортизатора RAV-4 ---05;44,00;2,000
TOYOTA;48750-33100;Опора заднего амортизатора CAM-30;64,40;1,000
TOYOTA;48760-33100;Опора заднего амортизатора CAM-30;64,40;1,000
TOYOTA;43330-39635;Опора шаровая GS-300 05-- AWD;58,60;1,000
TOYOTA;43340-29215;Опора шаровая лев RX/CAM30;77,00;1,000
TOYOTA;43340-09140;Опора шаровая левая Venza;59,00;1,000
TOYOTA;43340-49035;Опора шаровая опора левая RX 08--;55,00;1,000
TOYOTA;43330-49165;Опора шаровая правая RX 08--;55,00;1,000
TOYOTA;90467-08186-C0;Пистон;0,60;4,000
TOYOTA;75492-60020;Пистон расширителя LC120 голубой;0,90;1,000
TOYOTA;04946-60010;Пластина колодок тормозных;13,60;1,000
TOYOTA;04945-60010;Пластины колодок LC100;43,60;1,000
TOYOTA;90080-36098;Подшипник внутренний LC-100/LX-470;33,00;1,000
TOYOTA;42410-48041;Подшипник зад  ступици RX;160,00;2,000
TOYOTA;42410-42040;Подшипник задний RAV-4 05--;129,60;1,000
TOYOTA;42450-48011;Подшипник задний прав CAM30/40;269,00;1,000
TOYOTA;90368-45087;Подшипник наружный LC-100/LX-470;26,00;1,000
TOYOTA;43550-42010;Подшипник передний RAV-4 05--/Corolla 07--;146,90;1,000
TOYOTA;42450-33010;Подшипник ступицы задний;186,50;2,000
TOYOTA;42450-12090;Подшипник ступицы задний Corolla 07---;169,00;1,000
TOYOTA;43570-60011;Подшипник ступицы передний LC-120 c ABS;79,00;1,000
TOYOTA;43570-60031;Подшипник ступицы передний LC200;73,20;2,000
TOYOTA;43410-48050;Полуось правая RX-300;312,60;1,000
TOYOTA;16100-39466;Помпа 1,6;71,30;1,000
TOYOTA;16100-39515;Помпа 2.5;75,00;1,000
TOYOTA;16100-29085;Помпа 3,0 1MZ;89,00;1,000
TOYOTA;16100-59365;Помпа 4,5D;111,00;1,000
TOYOTA;16110-79026;Помпа CAM-20 2,2;60,50;1,000
TOYOTA;16100-39545;Помпа LC150 4.0;79,00;1,000
TOYOTA;16100-28041;Помпа вод CAM30 2.4 161000H010;89,00;1,000
TOYOTA;47731-30120;Поршень суппорта ;15,00;2,000
TOYOTA;47732-60010;Поршень суппорта LC-100;13,60;1,000
TOYOTA;90341-18016;Пробка масла;1,30;1,000
TOYOTA;35168-22020;Прокладка АКПП GS-300/IS-250 05--;9,80;2,000
TOYOTA;35168-50010;Прокладка АКПП LS460;14,90;1,000
TOYOTA;35168-52010;Прокладка АКПП Yaris;5,40;1,000
TOYOTA;90917-06072;Прокладка глушителя;4,80;1,000
TOYOTA;11213-31050;Прокладка крышки клапанов 3,5;7,30;1,000
TOYOTA;35178-30010;Прокладка пробки;1,10;1,000
TOYOTA;12157-10010;Прокладка пробки;0,50;2,000
TOYOTA;35168-32010;Прокладка фильтра АКПП CAM-20 2,2;4,50;2,000
TOYOTA;23291-62010;Прокладка форсунки;1,00;4,000
TOYOTA;04947-42040;Пружинки тормозных колодок передние RAV4--05;17,70;1,000
TOYOTA;04427-07060;Пыльник;44,10;1,000
TOYOTA;04428-33080;пыльник;63,90;2,000
TOYOTA;48157-42010;Пыльник амортизатора;12,40;1,000
TOYOTA;47775-32050;Пыльник направляющей;2,40;2,000
TOYOTA;45535-12100;Пыльник рулевой RAV-4 01---;8,80;1,000
TOYOTA;45535-49005;Пыльник рулевой RX 09--;31,20;1,000
TOYOTA;45535-06040;Пыльник рулевой рейки;7,10;1,000
TOYOTA;45535-26030;Пыльник рулевой тяги LC-120;9,40;1,000
TOYOTA;45535-60020;Пыльник рулевой тяги LC-200;11,60;1,000
TOYOTA;04438-33120;Пыльник шарнира внутреннего полуоси передней левой,комплект;26,30;1,000
TOYOTA;04438-07030;Пыльник шруса внутр.;38,20;1,000
TOYOTA;04438-06590;Пыльник шруса внутрениий CAM40;43,90;1,000
TOYOTA;04427-33070;Пыльник шруса внутрениий и наружный CAM RH закрыто;55,50;1,000
TOYOTA;04428-42070;Пыльник шруса камплект CAM30;38,00;1,000
TOYOTA;04437-52140;Пыльник шруса правого внутреннего;49,00;1,000
TOYOTA;04438-07050;пыльник/04438-06130;44,80;2,000
TOYOTA;48630-60030;Рачаг верхний LC-200/LX-570;206,90;1,000
TOYOTA;04479-48030;Рем. комплект заднего суппорта CAM-30 01--;24,00;1,000
TOYOTA;90080-91088-83;Ремень г/у 3,0 (Замена);4,80;1,000
TOYOTA;99366-D1930;Ремень генератора ;40,00;1,000
TOYOTA;99366-H2230;Ремень генератора LC-200 4,7;48,70;1,000
TOYOTA;90916-A2005;Ремень генератора RAV;61,20;1,000
TOYOTA;90916-A2012;Ремень генератора RAV-4;47,70;1,000
TOYOTA;90916-02511;Ремень кондиционера LC120 1KDFTV L=1642;53,10;1,000
TOYOTA;90916-02597;Ремень навестного RAV4 cam30  7PK1595;25,00;1,000
TOYOTA;99364-31240;Ремень приводной LC100 4.2TD;24,10;1,000
TOYOTA;90916-02643;Ремень приводной кондиционера LC100  4.2TD 4PK1720;41,00;2,000
TOYOTA;04445-06050;ремкомплект;64,10;1,000
TOYOTA;04445-50012;ремкомплект;61,60;1,000
TOYOTA;04445-33080;Ремкомплект;56,00;1,000
TOYOTA;04479-60060;Ремкомплект зад суппорта LC100;22,80;1,000
TOYOTA;04446-60140;Ремкомплект насоса г/у;14,50;1,000
TOYOTA;04479-30231;Ремкомплект переднего суп;42,60;2,000
TOYOTA;04479-42040;Ремкомплект переднего суппорта RAV-4 01--;25,00;2,000
TOYOTA;04445-60080;Ремкомплект рейки LC100 ---02;92,90;1,000
TOYOTA;04445-33110;Ремкомплект рулевой рейки CAM40;82,70;1,000
TOYOTA;04445-06181;Ремкомплект рулевой рейки CAM40 AUST;56,60;1,000
TOYOTA;04479-33041;Ремкомплект суппорта CAM-20;31,30;4,000
TOYOTA;04479-33280;Ремкомплект суппорта зад CAM40;28,90;1,000
TOYOTA;04478-33100;Ремкомплект суппорта пер CAM40;25,50;1,000
TOYOTA;04479-33130;Ремкомплект суппорта пер RX-03 MCU15;30,70;1,000
TOYOTA;04479-20281;Ремкомплект суппорта переднего Avensis;32,30;1,000
TOYOTA;04479-42020;Ремкомплет суппорта зад RAV-4;24,40;1,000
TOYOTA;88440-60070;Ролик кондиционера LC100 4.2D;59,80;1,000
TOYOTA;13505-20010;Ролик натяжителя ремня ГРМ RX-300 --03;44,00;1,000
TOYOTA;16620-75030;Ролик натяжной LC-120 2,7;111,60;1,000
TOYOTA;13505-17020;Ролик натяжной ремня ГРМ LC100/80D;69,00;1,000
TOYOTA;16603-0W030;Ролик ремня;36,00;1,000
TOYOTA;45220-60140;Рул кардан LC120;96,80;1,000
TOYOTA;48610-60060;Рычаг верхний LC-200/LX-570;198,00;1,000
TOYOTA;48610-59135;Рычаг верхний LS460 прав;253,90;1,000
TOYOTA;48630-60010;Рычаг верхний левый LC-100;189,00;1,000
TOYOTA;48610-59125;Рычаг верхний правый LS460;290,00;1,000
TOYOTA;85241-60100;Рычаг заднего стеклоосистителя LC-120 С запаской на двери!!;24,90;1,000
TOYOTA;48790-42020;Рычаг задней подвески RAV-4 05--;78,20;1,000
TOYOTA;48730-50111;Рычаг задней подвески нижний №2 LS-460;179,00;1,000
TOYOTA;48710-06130;Рычаг задней подвески правый Avalon;59,70;1,000
TOYOTA;48620-60010;Рычаг нижний правый LC-100;210,50;1,000
TOYOTA;48069-05080;Рычаг передний левый Avensis 09--;108,50;1,000
TOYOTA;48069-42051;Рычаг передний левый RAV-4 08---;119,10;1,000
TOYOTA;48069-48051;Рычаг передний левый RX-350 09-- (пневмо подвеска);164,00;1,000
TOYOTA;48068-12130;Рычаг передний правый Corolla 92--;98,90;1,000
TOYOTA;48068-60040;Рычаг передний правый нижний LC-150;210,80;1,000
TOYOTA;48730-07050;Рычаг подвески  RR;63,80;1,000
TOYOTA;48632-60040;Сайлентблок верхнего рычага LC-120;16,20;2,000
TOYOTA;90903-89016;Сайлентблок перед.амортизатора LC-100;6,80;1,000
TOYOTA;90311-25016;Сальник;2,80;1,000
TOYOTA;90311-65003;Сальник;9,10;2,000
TOYOTA;90311-42035;Сальник;4,20;1,000
TOYOTA;90311-35040;Сальник;3,20;1,000
TOYOTA;90311-38067;Сальник;4,10;1,000
TOYOTA;90311-62004;Сальник диференциала правый RAV-4;5,60;1,000
TOYOTA;90311-42026;Сальник к-ла передний;4,70;1,000
TOYOTA;90913-02101;Сальник кланана;3,90;1,000
TOYOTA;90311-95008;САЛЬНИК КОЛЕНВАЛА LC-100 4,2D;21,80;1,000
TOYOTA;90311-95012;САЛЬНИК КОЛЕНВАЛА LC-100 4,7;14,10;1,000
TOYOTA;90311-43006;Сальник коленвала LC-100 4,7;4,70;1,000
TOYOTA;90311-47013;Сальник п/оси;6,90;1,000
TOYOTA;90311-33085;Сальник передней полуоси;3,50;1,000
TOYOTA;90311-52022;Сальник передний 4,5;9,80;1,000
TOYOTA;90310-35010;Сальник передний LC80;4,10;1,000
TOYOTA;90316-69001;Сальник поворотного кулака;19,30;4,000
TOYOTA;90311-35032;Сальник полуоси;6,20;1,000
TOYOTA;90311-40036;Сальник полуоси CAM-30 МТМ;6,80;2,000
TOYOTA;90311-40030;Сальник полуоси CAM-30 МТМ;6,00;1,000
TOYOTA;90311-62005;Сальник полуоси правый RAV-4;5,70;1,000
TOYOTA;90311-40031;Сальник раздатки;3,90;1,000
TOYOTA;90311-58009;Сальник раздатки RX;6,40;1,000
TOYOTA;90316-37001;Сальник раздатки RX;12,90;1,000
TOYOTA;90311-70011;Сальник ступицы LC-100/LX470;13,50;2,000
TOYOTA;90311-62001;Сальник ступицы LC-105;11,00;1,000
TOYOTA;04422-20080;Сальники передней ступицы к-кт RAV-4 ---01;14,60;1,000
TOYOTA;90919-01166;Свеча;2,30;16,000
TOYOTA;90919-01230;Свеча зажигания;13,00;12,000
TOYOTA;90919-01176;Свеча зажигания;2,00;12,000
TOYOTA;90919-01168;Свеча зажигания;11,10;16,000
TOYOTA;90919-01198;Свеча зажигания;2,20;16,000
TOYOTA;90919-01233;Свеча зажигания 2,5;10,40;10,000
TOYOTA;90919-YZZAE;Свеча зажигания 9091901164;3,30;4,000
TOYOTA;90919-01192;Свеча зажигания LC-105;2,20;10,000
TOYOTA;90919-01194;Свеча зажигания PK20TR11;9,00;16,000
TOYOTA;23217-0C010;Сетка топливного насоса;5,70;1,000
TOYOTA;56111-1A890;Стекло лобовое Corolla 120;250,00;1,000
TOYOTA;85212-AC011;Стеклоочиститель RH;16,90;1,000
TOYOTA;48820-50030;Стойка пер стаб LS-460 прав;49,00;1,000
TOYOTA;48820-42020;Стойка переднего стабилизатора RAV-4;41,50;1,000
TOYOTA;48810-30010;Стойка стаб лев пер GS 93-05;60,00;1,000
TOYOTA;48830-35020;Стойка стабилизатора;39,30;2,000
TOYOTA;48810-44010;Стойка стабилизатора Avensis;35,20;1,000
TOYOTA;48820-28050;Стойка стабилизатора пер CAM30 48820-06040;31,60;1,000
TOYOTA;48820-60071;Стойка стабилизатора пер LC-200/LX-570;40,50;1,000
TOYOTA;48820-33020;Стойка стабилизатора пер правая CAM20 RX MCU15;38,90;1,000
TOYOTA;48820-30100;Стойка стабилизатора пер правая IS/GS;38,80;1,000
TOYOTA;48810-33010;Стойка стабилизатора пер. лев  CAM20 MCU15;39,30;1,000
TOYOTA;48810-60040;Стойка стабилизатора пер. лев  LC120;40,60;1,000
TOYOTA;42450-63011;Ступица задняя;165,70;1,000
TOYOTA;42450-48030;СТУПИЦА ЗАДНЯЯ В СБОРЕ, ПРАВАЯ;212,20;1,000
TOYOTA;43502-42020;Ступица передняя RAV-4 --05;63,70;1,000
TOYOTA;46430-20540;Трос привода стояночного тормоза;37,40;1,000
TOYOTA;48730-42020;Тяга задней подвески нижняя RAV-4;73,90;1,000
TOYOTA;48720-12020;Тяга задняя;72,00;1,000
TOYOTA;48780-33040;Тяга задняя CAM-40;48,00;1,000
TOYOTA;48730-48110;Тяга задняя RX-300;55,00;2,000
TOYOTA;48710-48050;Тяга задняя RX-300;50,00;1,000
TOYOTA;48790-60010;Тяга задняя верхняя левая LC-150 VX;109,60;1,000
TOYOTA;48706-50020;Тяга развала задней подвески левая LS-460;99,00;1,000
TOYOTA;45503-09420;Тяга рул AVALON;72,30;1,000
TOYOTA;45503-30070;Тяга рул IS/GS;68,00;2,000
TOYOTA;45503-39265;Тяга рулевая  LC120;70,90;1,000
TOYOTA;45503-39275;Тяга рулевая CAM40;67,00;2,000
TOYOTA;45503-30080;Тяга рулевая GS IS;79,50;1,000
TOYOTA;45503-60040;Тяга рулевая LC 150;86,40;1,000
TOYOTA;45503-69015;Тяга рулевая LC-100 --02;95,00;2,000
TOYOTA;45503-69025;Тяга рулевая LC-100 02--;94,00;2,000
TOYOTA;45503-60030;Тяга рулевая LC-200/LX-570;119,00;1,000
TOYOTA;45503-59145;Тяга рулевая LS-460;79,90;2,000
TOYOTA;45503-49055;Тяга рулевая RAV-4 01--04;60,40;1,000
TOYOTA;45503-49165;Тяга рулевая RAV-4 03--05;60,40;1,000
TOYOTA;90480-13005;Уплотнение форсунки;1,70;2,000
TOYOTA;23291-23010;Уплотнение форсунки;1,80;14,000
TOYOTA;53879-48030;Фиксатор подкрылка;2,90;2,000
TOYOTA;90915-TB001;ФИЛЬТР;5,00;5,000
TOYOTA;35330-33050;Фильтр АКПП CAM-40 3.5;43,20;1,000
TOYOTA;35330-0W021;Фильтр АКПП COROLLA;41,40;1,000
TOYOTA;35330-60030;Фильтр АКПП LC100 4ст;47,80;2,000
TOYOTA;35330-60050;Фильтр АКПП LC100 5 ст;41,90;1,000
TOYOTA;35330-60040;Фильтр АКПП LC100 D 4ст;47,00;2,000
TOYOTA;35330-60060;Фильтр АКПП LC200;47,00;2,000
TOYOTA;35330-34010;Фильтр АКПП Tundra;54,90;1,000
TOYOTA;17801-0P010;Фильтр воздушный 17801-31090;20,20;1,000
TOYOTA;17801-31090;Фильтр воздушный 4,0 PRADO, FJ CRUISER 4,0;32,90;4,000
TOYOTA;17801-74060;Фильтр воздушный CAM-20/RX-300 --03;30,40;1,000
TOYOTA;17801-03010;Фильтр воздушный CAM-20/RX-300 --03;17,90;4,000
TOYOTA;17801-74060-88;Фильтр воздушный CAM-20/RX-300 --03 (CN);5,90;1,000
TOYOTA;17801-20040;Фильтр воздушный CAM30;27,50;3,000
TOYOTA;17801-28030;Фильтр воздушный CAM40 2,4 замена!!;27,40;1,000
TOYOTA;17801-22020-88;Фильтр воздушный Corolla 01--;3,90;3,000
TOYOTA;17801-58010;Фильтр воздушный LC-90 2.7;35,00;1,000
TOYOTA;17801-50030;Фильтр воздушный LS430;31,00;4,000
TOYOTA;17801-21020;Фильтр воздушный Prius 2000--;14,00;1,000
TOYOTA;17801-AD010;Фильтр воздушный RAV-4/CAM-40 3.5 06--- 17801-3112;17,00;2,000
TOYOTA;17801-28010;Фильтр воздушный RAV4;20,00;2,000
TOYOTA;17801-31141;Фильтр воздушный RX-350 09---;19,80;1,000
TOYOTA;17801-20050;Фильтр воздушный RX400H;20,50;2,000
TOYOTA;17801-23030;Фильтр воздушный Yaris 01--05 FRA;17,30;1,000
TOYOTA;17801-21030;Фильтр воздушный Yaris JPP --05;16,00;1,000
TOYOTA;17801-20040;Фильтр воздушный двигателя;26,50;9,000
TOYOTA;90915-20004;Фильтр масла;11,00;7,000
TOYOTA;90915-TA002;Фильтр масла;6,00;1,000
TOYOTA;90915-20003;Фильтр масла;10,50;5,000
TOYOTA;90915-10003;Фильтр масла;10,10;4,000
TOYOTA;90915-10004;Фильтр масла заменна (90915-YZZJ2);9,00;9,000
TOYOTA;04152-31080;Фильтр маслянный;11,40;1,000
TOYOTA;04152-YZZA1;Фильтр маслянный 04152-31090;5,00;15,000
TOYOTA;90915-YZZD4;Фильтр маслянный LC100 LX470;4,40;6,000
TOYOTA;04152-YZZA4;Фильтр маслянный LC200;5,10;2,000
TOYOTA;04152-YZZA5;Фильтр маслянный LS460;4,70;1,000
TOYOTA;35330-35020;Фильтр маслянный трансмиссионный;30,00;1,000
TOYOTA;90915-YZZE1;Фильтр масляный;4,30;11,000
TOYOTA;90915-YZZE2;Фильтр масляный 90915-10004;4,30;13,000
TOYOTA;90915-YZZD2;Фильтр масляный 90915-20003 (90915-YZZB2);4,30;15,000
TOYOTA;04152-YZZA3;Фильтр масляный LC120;5,30;1,000
TOYOTA;87139-30040;Фильтр салона;46,90;2,000
TOYOTA;87139-48030;Фильтр салона;33,60;2,000
TOYOTA;88568-52010-83;Фильтр салона (Замена);15,00;1,000
TOYOTA;87139-YZZ07;Фильтр салона AVENSIS;18,70;3,000
TOYOTA;88508-20120;Фильтр салона LC120 ;20,50;1,000
TOYOTA;87139-50100;Фильтр салона LS460;47,90;5,000
TOYOTA;88568-60010;Фильтр салона LX - 470;17,40;5,000
TOYOTA;87139-YZZ03;Фильтр салона угольный;27,00;3,000
TOYOTA;08974-00830;Фильтр салона угольный GX/RX/LC120 CAM30;47,10;11,000
TOYOTA;08974-00850;Фильтр салона угольный RAV/Corolla;46,30;1,000
TOYOTA;23300-20130;Фильтр топл RX300 03--06;51,00;2,000
TOYOTA;77024-60220;Фильтр топлива LC-200 ;35,50;1,000
TOYOTA;77024-50020;Фильтр топлива LS-460;102,90;1,000
TOYOTA;23300-31160;Фильтр топливн LC150;37,10;1,000
TOYOTA;23300-19325;Фильтр топливный;40,10;1,000
TOYOTA;23300-50150;Фильтр топливный;36,00;1,000
TOYOTA;23300-31110;Фильтр топливный GS-300 05--;59,70;2,000
TOYOTA;23390-64480;Фильтр топливный LC-100 4.2 D;32,90;1,000
TOYOTA;23390-30180;Фильтр топливный LC-120 3.0 TD;33,50;2,000
TOYOTA;23300-50090;Фильтр топливный LC100;32,80;1,000
TOYOTA;23300-50110;Фильтр топливный LC100 LX470;41,20;1,000
TOYOTA;23390-30150;Фильтр топливный LC100/120  TD;33,20;1,000
TOYOTA;23300-28040;Фильтр топливный RAV-4 01--05;29,50;1,000
TOYOTA;44327-30040;Шайба рулевой рейки;1,30;1,000
TOYOTA;90215-42025;Шайба стопорная подшипника пер ступици LC-100 рамашка;1,30;2,000
TOYOTA;15778-16080;Шланг маслянный;15,00;1,000
TOYOTA;90942-02052;Шпилька колеса;2,90;4,000
TOYOTA;90942-02083;Шпилька колеса/90942-02077;2,30;3,000
TOYOTA;90942-02047;Шпилька колесная;2,30;12,000
TOYOTA;90942-02049;Шпилька колесная CAM LC120;2,00;1,000
TOYOTA;90126-10006;Шпилька коллектора;2,90;1,000
TOYOTA;90126-10015;Шпилька коллектора выпускного;1,80;4,000
TOYOTA;85242-42020;Щетка cтеклоочистителя зад RAV-4;8,70;1,000
TOYOTA;85242-48030;Щетка cтеклоочистителя зад RX300;13,10;1,000
TOYOTA;85222-06110;Щетка стеклоочистителя CAM40 левая;43,50;1,000
TOYOTA;85222-50080;Щетка стеклоочистителя LS460;38,00;1,000
TOYOTA;85222-0T030;Щетка стеклоочистителя лев COROLLA 06-- Venza;39,50;3,000
TOYOTA;85222-53071;Щетка стеклоочистителя пас LC200;33,10;1,000
TOYOTA;85212-42120;Щетка стеклоочистителя прав RAV-4 ACA-30/LS-460;19,10;1,000
TOYOTA;48409-42020;Эксцентрик RAV-4;5,30;1,000
KOYORAD;PL021526;Nissan Bassara A/T;125,60;1,000
KOYORAD;CD080506;Радиатор кондиционера Koyorad Honda Civic;70,00;2,000
KOYORAD;CD080282;Радиатор кондиционера Koyorad Honda CR-V 2001--;117,30;1,000
KOYORAD;CD080293;Радиатор кондиционера Koyorad Honda JAZZ;95,60;1,000
KOYORAD;CD020510;Радиатор кондиционера Koyorad Infiniti EX35/FX35;118,70;1,000
KOYORAD;CD060424;Радиатор кондиционера Koyorad MAZDA 2;102,70;1,000
KOYORAD;CD060531;Радиатор кондиционера Koyorad MAZDA 3/5;92,80;3,000
KOYORAD;CD060288;Радиатор кондиционера Koyorad MAZDA 6;96,00;3,000
KOYORAD;CD060385;Радиатор кондиционера Koyorad Mazda CX-9;95,80;1,000
KOYORAD;CD030528;Радиатор кондиционера Koyorad MITSUBISHI GALANT;109,40;1,000
KOYORAD;CD030432;Радиатор кондиционера Koyorad MITSUBISHI L200;90,00;6,000
KOYORAD;CD020509;Радиатор кондиционера Koyorad NISSAN PATROL ;85,70;1,000
KOYORAD;CD020434;Радиатор кондиционера Koyorad NISSAN Qashqai;114,50;1,000
KOYORAD;CD100407;Радиатор кондиционера Koyorad SUZUKI Splash;92,90;1,000
KOYORAD;CD100399;Радиатор кондиционера Koyorad Suzuki Swift;93,20;1,000
KOYORAD;CD010379;Радиатор кондиционера Koyorad Toyota Avensis;90,20;1,000
KOYORAD;CD010438;Радиатор кондиционера Koyorad TOYOTA CAMRY 30;110,20;1,000
KOYORAD;CD010460;Радиатор кондиционера Koyorad TOYOTA HILUX PRADO;123,30;2,000
KOYORAD;CD010555;Радиатор кондиционера Koyorad TOYOTA Land Cruiser 100 / LX470  98--;144,10;1,000
KOYORAD;CD010472A;Радиатор кондиционера Koyorad TOYOTA PRADO 150;120,80;2,000
KOYORAD;CD010305;Радиатор кондиционера Toyota Corolla 2001-2006;88,00;1,000
KOYORAD;CD010350Q;Радиатор кондиционера Toyota HILUX, LANDCRUISER PRADO 120;121,40;2,000
KOYORAD;CD010228A;Радиатор кондиционера Toyota RAV 4 2000-2005 ;99,00;2,000
KOYORAD;CD010369;Радиатор кондиционера Toyota Yaris 2005--;75,00;1,000
KOYORAD;CD010394;Радиатор кондиционера Toyota Yaris 2005--;80,00;1,000
KOYORAD;BA03064;Радиатор охлаждения Koyorad  MITSUBISHI Pajero (3.0 Petrol ) Aut 1989-2000;155,00;1,000
KOYORAD;PL080464;Радиатор охлаждения Koyorad HONDA ACCORD/PRELUDE MT;58,60;1,000
KOYORAD;PL081578;Радиатор охлаждения Koyorad Honda Civic Type-R M/T;98,60;1,000
KOYORAD;PL081397;Радиатор охлаждения Koyorad Honda Civic/HRV;119,00;1,000
KOYORAD;PL081257;Радиатор охлаждения Koyorad HONDA JAZZ;79,50;1,000
KOYORAD;PL081815;Радиатор охлаждения Koyorad HONDA JAZZ AT;109,10;1,000
KOYORAD;PL082479;Радиатор охлаждения Koyorad HONDA JAZZ HYBRID CVT;127,20;1,000
KOYORAD;PL812388;Радиатор охлаждения Koyorad HYUNDAI ERANTRA AT;85,50;1,000
KOYORAD;PL812454;Радиатор охлаждения Koyorad HYUNDAI ERANTRA MT;82,90;1,000
KOYORAD;PL812575;Радиатор охлаждения Koyorad HYUNDAI i20 AT/MT;72,90;1,000
KOYORAD;PL812502;Радиатор охлаждения Koyorad Hyundai IX35 AT;124,40;1,000
KOYORAD;PL812386;Радиатор охлаждения Koyorad HYUNDAI SANTA FE AT;110,50;1,000
KOYORAD;PL811803;Радиатор охлаждения Koyorad HYUNDAI SONATA AT;80,10;1,000
KOYORAD;PL812385;Радиатор охлаждения Koyorad HYUNDAI SONATA AT;86,10;1,000
KOYORAD;PL822488;Радиатор охлаждения Koyorad KIA CARNIVAL MT;107,00;1,000
KOYORAD;PL822415;Радиатор охлаждения Koyorad KIA SPORTAGE/HYUNDAI TUCSON;119,50;1,000
KOYORAD;PL822533;Радиатор охлаждения Koyorad KIA SPORTAGE/HYUNDAI TUCSON;81,00;1,000
KOYORAD;AA010006;Радиатор охлаждения Koyorad Lexus RX 2003-10 ;203,90;2,000
KOYORAD;PL012282;Радиатор охлаждения Koyorad Lexus RX 350 2010-- ;170,10;1,000
KOYORAD;PL012283;Радиатор охлаждения Koyorad Lexus RX 450h;125,80;1,000
KOYORAD;PL061580;Радиатор охлаждения Koyorad MAZDA 323 AT;82,20;1,000
KOYORAD;PL061679;Радиатор охлаждения Koyorad MAZDA 6 AT;91,50;1,000
KOYORAD;PL062189;Радиатор охлаждения Koyorad Mazda 6 AT;123,50;1,000
KOYORAD;PL062233;Радиатор охлаждения Koyorad MAZDA 6 AT;112,40;1,000
KOYORAD;PL062046;Радиатор охлаждения Koyorad MAZDA CX-9 AT;136,10;1,000
KOYORAD;PL030491;Радиатор охлаждения Koyorad MITSUBISHI GALANT AT;93,50;1,000
KOYORAD;PL031648;Радиатор охлаждения Koyorad MITSUBISHI GRANDIS MT;96,80;1,000
KOYORAD;PL032413;Радиатор охлаждения Koyorad MITSUBISHI LANCER  AT;105,00;4,000
KOYORAD;PL030291;Радиатор охлаждения Koyorad MITSUBISHI LANCER /COLT AT;81,80;1,000
KOYORAD;PL030610;Радиатор охлаждения Koyorad MITSUBISHI LANCER COLT MT;60,00;1,000
KOYORAD;PL032037;Радиатор охлаждения Koyorad MITSUBISHI LANCER X  AT;124,10;1,000
KOYORAD;PL032036;Радиатор охлаждения Koyorad MITSUBISHI LANCER X  AT;103,50;2,000
KOYORAD;PL031698;Радиатор охлаждения Koyorad MITSUBISHI OUTLANDER AT;110,50;1,000
KOYORAD;PL030696;Радиатор охлаждения Koyorad MITSUBISHI PAJERO MT;121,70;1,000
KOYORAD;PL031280R;Радиатор охлаждения Koyorad MITSUBISHI PAJERO PININ;97,10;1,000
KOYORAD;PL022460;Радиатор охлаждения Koyorad NISSAN ALMERA CLASSIC AT;140,40;1,000
KOYORAD;PL022564;Радиатор охлаждения Koyorad NISSAN JUKE;118,10;1,000
KOYORAD;PL020330;Радиатор охлаждения Koyorad NISSAN MICRA;50,30;1,000
KOYORAD;PL021563;Радиатор охлаждения Koyorad NISSAN MICRA AT;87,90;1,000
KOYORAD;PL020332;Радиатор охлаждения Koyorad NISSAN MICRA CVT;88,60;1,000
KOYORAD;PL022028;Радиатор охлаждения Koyorad NISSAN MICRA MT;78,90;1,000
KOYORAD;PL022225;Радиатор охлаждения Koyorad NISSAN MURANO 2008--;132,20;1,000
KOYORAD;PL021597;Радиатор охлаждения Koyorad NISSAN MURANO AT;132,40;1,000
KOYORAD;PL021589;Радиатор охлаждения Koyorad NISSAN Note;92,90;1,000
KOYORAD;PL022175;Радиатор охлаждения Koyorad NISSAN QASHQAI CVT;82,70;2,000
KOYORAD;PL021764R;Радиатор охлаждения Koyorad NISSAN X-TRAIL AT;119,90;1,000
KOYORAD;PL021934;Радиатор охлаждения Koyorad NISSAN X-TRAIL AT;128,00;1,000
KOYORAD;PL021931;Радиатор охлаждения Koyorad NISSAN X-TRAIL MT;86,80;1,000
KOYORAD;PL091877;Радиатор охлаждения Koyorad SUBARU B9 TRIBECA AT;148,70;1,000
KOYORAD;PL091674;Радиатор охлаждения Koyorad SUBARU IMPREZA AT- A/C;109,30;1,000
KOYORAD;PL101362R;Радиатор охлаждения Koyorad SUZUKI JIMNY MT;71,90;1,000
KOYORAD;PL012017;Радиатор охлаждения Koyorad TOYOTA CAMRY AT 2,4;136,30;2,000
KOYORAD;PL072513;Радиатор охлождения Koyorad DAIHATSU SIRION ;79,70;1,000
KOYORAD;PL012411;Радиатор охлождения Koyorad GS300 2005--;111,20;1,000
KOYORAD;PL082138;Радиатор охлождения Koyorad Honda Accord AT;143,70;1,000
KOYORAD;PL080293T;Радиатор охлождения Koyorad HONDA CIVIC AT;50,70;1,000
KOYORAD;PL080295T;Радиатор охлождения Koyorad HONDA CIVIC MT;58,00;1,000
KOYORAD;PL081167;Радиатор охлождения Koyorad HONDA CIVIC MT;60,40;1,000
KOYORAD;PL081895;Радиатор охлождения Koyorad HONDA CIVIC MT;99,40;1,000
KOYORAD;PL080517;Радиатор охлождения Koyorad HONDA CR-V AT;80,30;1,000
KOYORAD;PL082015;Радиатор охлождения Koyorad HONDA CR-V AT;136,20;1,000
KOYORAD;PL811781R;Радиатор охлождения Koyorad HYUNDAI ACCENT;71,50;1,000
KOYORAD;PL011862;Радиатор охлождения Koyorad LEXUS GX 470 AT;179,80;3,000
KOYORAD;PL012467R;Радиатор охлождения Koyorad Lexus GX460;181,30;1,000
KOYORAD;PL011979;Радиатор охлождения Koyorad LEXUS RX400H;125,50;2,000
KOYORAD;PL010947;Радиатор охлождения Koyorad LS430;118,00;1,000
KOYORAD;PL062099;Радиатор охлождения Koyorad MAZDA 2 ;93,30;1,000
KOYORAD;PL062100R;Радиатор охлождения Koyorad MAZDA 2 AT;102,70;1,000
KOYORAD;PL061854;Радиатор охлождения Koyorad MAZDA 2 MT;57,20;1,000
KOYORAD;PL062351A;Радиатор охлождения Koyorad MAZDA 3 AT/MT;99,90;1,000
KOYORAD;PL062304;Радиатор охлождения Koyorad MAZDA 3 MT;105,30;1,000
KOYORAD;PL062305;Радиатор охлождения Koyorad MAZDA 3 MT;82,10;1,000
KOYORAD;PL061816;Радиатор охлождения Koyorad MAZDA 3 MT/AT;71,70;5,000
KOYORAD;PL412484;Радиатор охлождения Koyorad MERCEDES BENZ C320/C350 MT;122,40;1,000
KOYORAD;PL412485;Радиатор охлождения Koyorad MERCEDES BENZ C320/GLK350 AT;144,10;1,000
KOYORAD;PL092190;Радиатор охлождения Koyorad SUBARU IMPREZA MT 2.0;95,00;1,000
KOYORAD;PL090500;Радиатор охлождения Koyorad SUBARU LEGACY;73,90;1,000
KOYORAD;PL091663;Радиатор охлождения Koyorad SUBARU LEGACY ;90,40;1,000
KOYORAD;PL090865;Радиатор охлождения Koyorad SUBARU LEGACY A/T;128,10;1,000
KOYORAD;PL092522;Радиатор охлождения Koyorad SUBARU LEGACY A/T;121,00;1,000
KOYORAD;PL092478;Радиатор охлождения Koyorad SUBARU LEGACY MT ;95,60;1,000
KOYORAD;PL100688;Радиатор охлождения Koyorad SUZUKI BALENO ;143,60;2,000
KOYORAD;PL102057;Радиатор охлождения Koyorad SUZUKI GRAND VITARA/ESCUDO  MT;108,50;1,000
KOYORAD;PL102336;Радиатор охлождения Koyorad SUZUKI SPLASH AT/MT;97,30;1,000
KOYORAD;PL101969;Радиатор охлождения Koyorad SUZUKI SWIFT/SWIFT SPORTS MT;77,20;1,000
KOYORAD;PL102033;Радиатор охлождения Koyorad Suzuki SX4;107,80;1,000
KOYORAD;PL010694;Радиатор охлождения Koyorad TOYOTA AVENSIS AT;99,10;1,000
KOYORAD;PL011697;Радиатор охлождения Koyorad TOYOTA AVENSIS AT/MT;90,00;1,000
KOYORAD;PL011696;Радиатор охлождения Koyorad TOYOTA AVENSIS MT;82,30;1,000
KOYORAD;PL011982;Радиатор охлождения Koyorad TOYOTA CAMRY3.5/AURION 3.5;163,40;1,000
KOYORAD;PL010347;Радиатор охлождения Koyorad TOYOTA CARINA;57,90;1,000
KOYORAD;PL011845R;Радиатор охлождения Koyorad TOYOTA HILUX / 4 RUNNER/ LANDCRUISER PRADO AT;117,90;2,000
KOYORAD;PL011704R;Радиатор охлождения Koyorad TOYOTA HILUX / LANDCRUISER PRADO 120 AT 3.0 TD;151,90;1,000
KOYORAD;PL011042R;Радиатор охлождения Koyorad TOYOTA LANDCRUISER 100 4,2D AT ;192,30;1,000
KOYORAD;PL011741R;Радиатор охлождения Koyorad Toyota Landcruiser M/T;180,70;1,000
KOYORAD;PL011846R;Радиатор охлождения Koyorad TOYOTA LANDCRUISER PRADO 4.0;152,60;3,000
KOYORAD;PL010666;Радиатор охлождения Koyorad TOYOTA LANDCRUISER PRADO 90 ;126,30;1,000
KOYORAD;PL010655;Радиатор охлождения Koyorad TOYOTA LANDCRUISER PRADO 90 3.0TD;138,60;1,000
KOYORAD;PL011253;Радиатор охлождения Koyorad TOYOTA LEXUS ES/CAMRY AT;103,50;1,000
KOYORAD;PL011937;Радиатор охлождения Koyorad TOYOTA LEXUS IS250/350 AT;84,00;1,000
KOYORAD;PL011961;Радиатор охлождения Koyorad TOYOTA RAV 4 AT;130,00;3,000
KOYORAD;PL012323R;Радиатор охлождения Koyorad TOYOTA Venza;147,30;1,000
KOYORAD;PL011953;Радиатор охлождения Koyorad TOYOTA YARIS AT;101,30;1,000
KOYORAD;PL011954;Радиатор охлождения Koyorad TOYOTA YARIS MT/CVT;87,90;1,000
KOYORAD;PL011952;Радиатор охлождения Koyorad TOYOTA YARIS MT/CVT;87,90;1,000
KOYORAD;PL012121R;Радиатор охлождения Koyorad Toyota/Lexus Camry AT 3.5;143,20;1,000
KOYORAD;PL452406;Радиатор охлождения Koyorad VOLKSWAGEN TOUAREG/ PORSCHE  MT/AT;157,20;1,000
KOYORAD;PL012188;Радиатор охлождения Koyorad для Lexus RX 2003;140,90;1,000
KOYORAD;PL012203;Радиатор охлождения Koyorad для TOYOTA LANDCRUISER 200;249,10;1,000
KOYORAD;PL012493R;Радиатор охлождения Koyorad для TOYOTA LANDCRUISER PRADO 150 4.0 AT;173,10;2,000
Volkswagen;06H121119E;SEAL;4,00;1,000
Volkswagen;G052182A2;Масло трансмиссионное DSG;18,00;40,000
Febest;MZSHBGEF;АМОРТИЗАТОР пыльник GD/GE/GV/CA-99пер;9,00;1,000
Febest;HYSBENR;Втулка стабилизатора заднего;2,30;2,000
Mitsubishi;MU000390;Болт;5,00;2,000
Mitsubishi;MB809335;болт/шпилька/гайка;4,00;2,000
Mitsubishi;MZ320200;ЖИДКОСТЬ ATF SP3 “MITSUBISHI” 5 L;14,20;7,000
Mitsubishi;MZ313771;Масло трансмиссионное Mitsubishi ATF J2 (0,946л);16,40;12,000
Mitsubishi;MD342397;Прокладка головки блока;31,50;1,000
Mitsubishi;4056A161;Стойка стабилизатора Lancera 9;11,50;2,000
Citroen;940376;Брызговик C4;66,70;1,000
ЗАПЧАСТИ;SWATER5;Вода дистилированая;;7,000
ЗАПЧАСТИ;1987474946;Датчик износа;12,10;1,000
ЗАПЧАСТИ;1987474945;Датчик износа;15,50;1,000
Hyundai;55775-5H920;втулка ЗП стабилизатора;4,00;2,000
Hyundai;81126-37010;Клипса крепежная;0,10;9,000
Hyundai;22405-26020;Крышка ДВС;18,00;1,000
Hyundai;86350-2M000;РЕШЕТКА РАДИАТОРА;69,50;1,000
Hyundai;31112-1G000;Фільтр паливний;12,70;1,000
BMW;51711947419;Гайка вставна;0,70;18,000
BMW;51478262533;Скоба накладки порог;1,10;9,000
HONDA;082069002;Жидкость для гидроусилителя руля. HONDA PSF;5,20;2,000
HONDA;087989032;Масло HONDA 5W20;7,70;19,000
HONDA;087989031;Масло трансмисионное HONDA MTF;8,00;3,000
HONDA;082009008;Масло трансмиссионное Honda ATF DW-1,(0.946л);10,00;52,000
HONDA;082009006;Масло трансмиссионное HONDA CVT Fluid (0,946 л) ;9,50;8,000
HONDA;082009007;"Масло трансмиссионное минеральное ""DPS-F"", 1л";12,00;8,000
TEXTAR;2386801;Колодки тормозные дисковые передние;34,50;1,000
REMSA;RE74602;Колодки тормозные задние дисковые;31,10;1,000
Nissan;999MP-MTK00-P;Масло трансмиссионное Nissan Matic Fluid K (0,946л);12,30;27,000
Nissan;999MP-AA100-P;Масло трансмиссионное Nissan MATIC-D;9,80;1,000
Nissan;22401-5M015;Свеча зажигания;13,10;4,000
Nissan;D8521-JA00A;Тяга рулевая;59,30;1,000
Nissan;15208-65F0A;Фильтр масляный;7,60;1,000
Mercedes;A2218852222;Накладка противотуманки хромированная S W221;21,00;1,000
Mercedes;A1643201232;Стойка заднего стабилизатора;72,90;2,000
GM;1942003;Олива GM dexos2 5W30 5л;29,00;2,000
KIA;0K054-13483A;Прокладка приемной трубы (шт.);8,00;1,000
KIA;92102-1E088;Фара передняя правая;;1,000
RTI;RTI0443760042;Пыльник шруса внутр.LC120;8,20;2,000
CONTI;7PK1549;Ремень приводной GS300 05-/IS25005-;43,70;2,000
AP;AP14771510;Тормозной барабан OPEL ASTRA F;19,30;2,000
AP;AP08691710;"Тормозной Диск BMW	5 (E39)";19,10;2,000
AP;AP09917214;"Тормозной Диск BMW	5 E60";35,00;4,000
AP;AP08701980;"Тормозной Диск BMW	X5 (E53)";26,30;2,000
AP;AP09869780;"Тормозной Диск BMW	X5 E53";37,00;2,000
AP;AP08535914;Тормозной Диск BMW 3 (E36);20,60;2,000
AP;AP08A20510;Тормозной Диск BMW 3 E90 / 1 E81, E87;20,00;2,000
AP;AP08517434;Тормозной Диск BMW 5 (E34);19,10;2,000
AP;AP08558010;Тормозной Диск BMW 7 (E38);25,50;2,000
AP;AP09992311;Тормозной Диск BMW X5 (E70) 3.0I;37,60;4,000
AP;AP09946414;"Тормозной Диск FORD	FOCUS";24,40;2,000
AP;AP08772420;"Тормозной Диск MERCEDES-BENZ	SPRINTER";23,40;2,000
AP;AP09915920;"Тормозной Диск OPEL	ASTRA H";23,00;4,000
AP;AP09907810;"Тормозной Диск RENAULT	CLIO III";19,20;2,000
AP;AP09848310;"Тормозной Диск SKODA	FABIA";13,70;2,000
AP;AP09977210;"Тормозной Диск SKODA	OCTAVIA PASSAT B5/B6 /TOURAN/TIGUAN";29,40;2,000
AP;AP08948810;"Тормозной Диск SKODA	OCTAVIA зад VW GOLF V/ VI";17,50;2,000
AP;AP09914514;"Тормозной Диск VW	GOLF V SKODA	OCTAVIA A5";25,40;4,000
AP;AP09A42814;"Тормозной Диск VW	PASSAT B5 / SKODA SUPERB";25,70;2,000
AP;AP09944714;"Тормозной Диск VW	TRANSPORTER V";39,20;2,000
AP;AP09958210;"Тормозной Диск VW	TRANSPORTER V";24,00;2,000
AP;AP08500514;Тормозной Диск VW GOLF II зад;19,80;2,000
JPN;AFMZ05;Фильтр воздушный JPN AURIS RAV10--;5,00;5,000
JPN;AFMZ04;Фильтр воздушный JPN CAM40 2,4;5,70;7,000
JPN;AFMZ02;Фильтр воздушный JPN CAMRYV30/RX300/RX350;5,70;7,000
JPN;AFMZ03;Фильтр воздушный JPN Corolla 01--/Avensis 03--;5,00;8,000
JPN;AFMZ01;Фильтр воздушный JPN MAZDA 3;5,70;8,000
JPN;AFMB07;Фильтр воздушный JPN MITSUBISHI  CALANT;5,00;1,000
JPN;AFMB08;Фильтр воздушный JPN MITSUBISHI  GRANDIS;5,00;1,000
JPN;AFTO09;Фильтр воздушный JPN RAV-4/CAM-40 3.5 06---;4,50;2,000
GSP;859028;Шрус Avensis T22/ Corolla 98-2001;28,00;2,000
GSP;859027;Шрус внешиний Land Cruiser 70/105 ;91,70;2,000
GSP;859021;Шрус внешний Corolla/Carina c ABS;25,10;2,000
GSP;859175;Шрус внешний со стороны колеса Toyota Camry 2.4 RAV4 RX;26,70;1,000
GSP;661021;Шрус внутренний VW Transporter 5/ Multivan ;197,50;1,000
MITELLI;161005;Шрус внешний со стороны колеса, комплект;33,60;1,000
